{"cameraMode":{"drawMode":0,"name":"Shaded","section":"Shading Mode"},"sceneLighting":false,"audioPlay":false,"sceneViewState":{"m_AlwaysRefresh":false,"showFog":true,"showSkybox":false,"showFlares":true,"showImageEffects":true,"showParticleSystems":true,"showVisualEffectGraphs":true,"m_FxEnabled":true},"in2DMode":false,"pivot":{"x":7.621302127838135,"y":0.09211927652359009,"z":-1.2144170999526978},"rotation":{"x":0.006184381898492575,"y":0.7012730836868286,"z":0.006122232880443335,"w":-0.7127271294593811},"size":5.440147399902344,"orthographic":false}